,AC_ID,AMOUNT,DOC_DATE,NARATION,DR_CR
0,3644877,342800.0,01-NOV-22,Cash Withdraw,Debit
1,1175256,342800.0,01-NOV-22,Cash Withdrawal From A/C No.: ,Credit
2,2298226,1500.0,01-NOV-22,"Cash withdraw from Micro Merchant point, MM A/C ",Debit
3,4066427,1500.0,01-NOV-22,Credit Against Merchant Cash Withdraw Service From A/C-,Credit
4,1978564,2550.0,01-NOV-22,"Cash withdraw from Micro Merchant point, MM A/C ",Debit
5,4890311,2550.0,01-NOV-22,Credit Against Merchant Cash Withdraw Service From A/C-,Credit
6,38418,500.0,01-NOV-22,Cash Deposit to A/C No.: ,Debit
7,5833368,500.0,01-NOV-22,Cash Deposit,Credit
8,742629,500.0,01-NOV-22,Cash Deposit to A/C No.: ,Debit
9,3683842,500.0,01-NOV-22,Cash Deposit,Credit
10,558549,1500.0,01-NOV-22,"Cash withdraw from Micro Merchant point, MM A/C ",Debit
11,3269717,1500.0,01-NOV-22,Credit Against Merchant Cash Withdraw Service From A/C-,Credit
12,4212235,57.5,01-NOV-22,Debit For New ATM Card Charge.,Debit
13,5477221,100000.0,01-NOV-22,Cash Withdraw,Debit
14,172699,100000.0,01-NOV-22,Cash Withdrawal From A/C No.: ,Credit
15,3886900,1500.0,01-NOV-22,Cash Withdraw,Debit
16,348681,1500.0,01-NOV-22,Cash Withdrawal From A/C No.: ,Credit
17,1669628,1500.0,01-NOV-22,Cash Withdraw,Debit
18,131967,1500.0,01-NOV-22,Cash Withdrawal From A/C No.: ,Credit
19,3354389,188.0,01-NOV-22,Debit Against Palli Bidyut Bill Collection. ,Debit
20,5663773,200.0,01-NOV-22,Agri agent commission of a/c ,Debit
21,1251120,1500.0,01-NOV-22,"Cash withdraw from Micro Merchant point, MM A/C ",Debit
22,4685834,1500.0,01-NOV-22,Credit Against Merchant Cash Withdraw Service From A/C-,Credit
23,3269,500.0,01-NOV-22,Cash Deposit to A/C No.: ,Debit
24,948048,500.0,01-NOV-22,Cash Deposit,Credit
25,5373790,1500.0,01-NOV-22,Inter Agent Cash Withdraw,Debit
26,988871,1490.0,01-NOV-22,Cash Withdrawal From A/C No.: ,Credit
27,5700306,200.0,01-NOV-22,Agri agent commission of a/c ,Debit
28,266252,437.0,01-NOV-22,Debit Against Palli Bidyut Bill Collection. ,Debit
29,531531,1500.0,01-NOV-22,Inter Agent Cash Withdraw,Debit
30,758965,1490.0,01-NOV-22,Cash Withdrawal From A/C No.: ,Credit
31,4778134,19000.0,01-NOV-22,Debit Against Debit Card Transaction,Debit
32,3594893,1500.0,01-NOV-22,Credit Against Merchant Cash Withdraw Service From A/C-,Credit
33,5387620,2550.0,01-NOV-22,Credit Against Merchant Cash Withdraw Service From A/C-,Credit
34,5019030,7500.0,01-NOV-22,Cash Withdrawal: Social Safety Net Payment,Debit
35,354807,7500.0,01-NOV-22,Project (Social Safety Net Payment) Payment to A/C: ,Credit
36,4465209,20000.0,01-NOV-22,Cash Withdraw,Debit
37,2220163,20000.0,01-NOV-22,Cash Withdrawal From A/C No.: ,Credit
38,92141,500.0,01-NOV-22,Cash Deposit to A/C No.: ,Debit
39,827021,500.0,01-NOV-22,Cash Deposit,Credit
40,5443804,407.0,01-NOV-22,Debit Against Palli Bidyut Bill Collection. ,Debit
41,2109963,1500.0,01-NOV-22,Inter Agent Cash Withdraw,Debit
42,2062123,1490.0,01-NOV-22,Cash Withdrawal From A/C No.: ,Credit
43,4919425,1500.0,01-NOV-22,"Cash withdraw from Micro Merchant point, MM A/C ",Debit
44,4165833,1500.0,01-NOV-22,Credit Against Merchant Cash Withdraw Service From A/C-,Credit
45,477066,1500.0,01-NOV-22,"Cash withdraw from Micro Merchant point, MM A/C ",Debit
46,3199194,1500.0,01-NOV-22,Credit Against Merchant Cash Withdraw Service From A/C-,Credit
47,58131,26000.0,01-NOV-22,Cash Deposit to A/C No.: ,Debit
48,589081,26000.0,01-NOV-22,Cash Deposit,Credit
49,3799031,2510.0,01-NOV-22,Inter Agent Cash Withdraw,Debit
50,362965,2500.0,01-NOV-22,Cash Withdrawal From A/C No.: ,Credit
51,3120997,1500.0,01-NOV-22,"Cash withdraw from Micro Merchant point, MM A/C ",Debit
52,5366684,1500.0,01-NOV-22,Credit Against Merchant Cash Withdraw Service From A/C-,Credit
53,5775256,100000.0,01-NOV-22,Cash Withdraw,Debit
54,3189875,100000.0,01-NOV-22,Cash Withdrawal From A/C No.: ,Credit
55,4365074,150000.0,01-NOV-22,Cash Deposit to A/C No.: ,Debit
56,4626297,150000.0,01-NOV-22,Cash Deposit,Credit
57,4436174,1500.0,01-NOV-22,Inter Agent Cash Withdraw,Debit
58,2827688,1500.0,01-NOV-22,"Cash withdraw from Micro Merchant point, MM A/C ",Debit
59,4129022,1500.0,01-NOV-22,Credit Against Merchant Cash Withdraw Service From A/C-,Credit
60,4471403,1500.0,01-NOV-22,Inter Agent Cash Withdraw,Debit
61,262455,1490.0,01-NOV-22,Cash Withdrawal From A/C No.: ,Credit
62,2586047,1500.0,01-NOV-22,"Cash withdraw from Micro Merchant point, MM A/C ",Debit
63,5365105,1500.0,01-NOV-22,Credit Against Merchant Cash Withdraw Service From A/C-,Credit
64,4800044,230.0,01-NOV-22,CIB Charge & VAT of  ,Debit
65,4943012,1500.0,01-NOV-22,Cash Withdraw,Debit
66,109752,1500.0,01-NOV-22,Cash Withdrawal From A/C No.: ,Credit
67,2758,3149.0,01-NOV-22,Debit Against Company Fund Collection (MetLife Alico),Debit
68,2596883,1500.0,01-NOV-22,Cash Withdraw,Debit
69,68759,1500.0,01-NOV-22,Cash Withdrawal From A/C No.: ,Credit
70,1931664,1500.0,01-NOV-22,"Cash withdraw from Micro Merchant point, MM A/C ",Debit
71,3357773,1500.0,01-NOV-22,Credit Against Merchant Cash Withdraw Service From A/C-,Credit
72,2873336,1500.0,01-NOV-22,"Cash withdraw from Micro Merchant point, MM A/C ",Debit
73,4152218,1500.0,01-NOV-22,Credit Against Merchant Cash Withdraw Service From A/C-,Credit
74,1967673,1500.0,01-NOV-22,Inter Agent Cash Withdraw,Debit
75,5668590,1490.0,01-NOV-22,Cash Withdrawal From A/C No.: ,Credit
76,3444320,500000.0,01-NOV-22,Agent Balance Transfer,Debit
77,5018199,1500.0,01-NOV-22,"Cash withdraw from Micro Merchant point, MM A/C ",Debit
78,5827035,1500.0,01-NOV-22,Credit Against Merchant Cash Withdraw Service From A/C-,Credit
79,3131666,2000.0,01-NOV-22,Cash Withdraw,Debit
80,2084041,2000.0,01-NOV-22,Cash Withdrawal From A/C No.: ,Credit
81,4827393,1500.0,01-NOV-22,Credit Against Merchant Cash Withdraw Service From A/C-,Credit
82,5780779,9000.0,01-NOV-22,Cash Withdraw,Debit
83,3474647,9000.0,01-NOV-22,Cash Withdrawal From A/C No.: ,Credit
84,3172015,1500.0,01-NOV-22,"Cash withdraw from Micro Merchant point, MM A/C ",Debit
85,4141030,1500.0,01-NOV-22,Credit Against Merchant Cash Withdraw Service From A/C-,Credit
86,738234,500.0,01-NOV-22,Cash Deposit to A/C No.: ,Debit
87,5833371,500.0,01-NOV-22,Cash Deposit,Credit
88,2338,651.0,01-NOV-22,Debit Against Palli Bidyut Bill Collection. ,Debit
89,1056126,1500.0,01-NOV-22,Inter Agent Cash Withdraw,Debit
90,60758,1490.0,01-NOV-22,Cash Withdrawal From A/C No.: ,Credit
91,2187755,1500.0,01-NOV-22,Cash Withdraw,Debit
92,312842,1500.0,01-NOV-22,Cash Withdrawal From A/C No.: ,Credit
93,1132206,2550.0,01-NOV-22,"Cash withdraw from Micro Merchant point, MM A/C ",Debit
94,4398180,2550.0,01-NOV-22,Credit Against Merchant Cash Withdraw Service From A/C-,Credit
95,2985409,1500.0,01-NOV-22,Inter Agent Cash Withdraw,Debit
96,2361964,1490.0,01-NOV-22,Cash Withdrawal From A/C No.: ,Credit
97,2885852,2550.0,01-NOV-22,"Cash withdraw from Micro Merchant point, MM A/C ",Debit
98,4250762,2550.0,01-NOV-22,Credit Against Merchant Cash Withdraw Service From A/C-,Credit
99,1157875,100000.0,01-NOV-22,Cash Withdraw,Debit
100,1043643,100000.0,01-NOV-22,Cash Withdrawal From A/C No.: ,Credit
101,9541,9000.0,01-NOV-22,Cash Withdraw,Debit
102,1,9000.0,01-NOV-22,Cash Withdrawal From A/C No.: ,Credit
103,305197,390.0,01-NOV-22,Cash Deposit to A/C No.: ,Debit
104,429794,390.0,01-NOV-22,Cash Deposit,Credit
105,2544904,1500.0,01-NOV-22,Cash Withdraw,Debit
106,109821,1500.0,01-NOV-22,Cash Withdrawal From A/C No.: ,Credit
107,4978536,1500.0,01-NOV-22,"Cash withdraw from Micro Merchant point, MM A/C ",Debit
108,5367850,1500.0,01-NOV-22,Credit Against Merchant Cash Withdraw Service From A/C-,Credit
109,348681,300.0,01-NOV-22,Cash Deposit to A/C No.: ,Debit
110,4305300,300.0,01-NOV-22,Cash Deposit,Credit
111,5573557,175.0,01-NOV-22,AGRI Agent Commission of ,Debit
112,5746772,100000.0,01-NOV-22,Cash Withdraw,Debit
113,4092105,100000.0,01-NOV-22,Cash Withdrawal From A/C No.: ,Credit
114,3248337,20000.0,01-NOV-22,Debit Against Debit Card Transaction,Debit
115,3248337,15.0,01-NOV-22,Debit Against Debit Card Charge Transaction,Debit
116,4961359,1500.0,01-NOV-22,Inter Agent Cash Withdraw,Debit
117,2361964,1490.0,01-NOV-22,Cash Withdrawal From A/C No.: ,Credit
118,5095962,1500.0,01-NOV-22,"Cash withdraw from Micro Merchant point, MM A/C ",Debit
119,3396794,1500.0,01-NOV-22,Credit Against Merchant Cash Withdraw Service From A/C-,Credit
120,5573557,115.0,01-NOV-22,CIB Charge & Vat of  ,Debit
121,605211,36000.0,01-NOV-22,Cash Withdraw,Debit
122,598829,36000.0,01-NOV-22,Cash Withdrawal From A/C No.: ,Credit
123,2386062,400.0,01-NOV-22,Cash Deposit to A/C No.: ,Debit
124,5828889,400.0,01-NOV-22,Cash Deposit,Credit
125,5572349,200.0,01-NOV-22,AGRI Agent Commission of ,Debit
126,2562050,1500.0,01-NOV-22,"Cash withdraw from Micro Merchant point, MM A/C ",Debit
127,5511533,1500.0,01-NOV-22,Credit Against Merchant Cash Withdraw Service From A/C-,Credit
128,2599098,1500.0,01-NOV-22,Inter Agent Cash Withdraw,Debit
129,3351000,1490.0,01-NOV-22,Cash Withdrawal From A/C No.: ,Credit
130,5572349,115.0,01-NOV-22,CIB Charge & Vat of  ,Debit
131,316820,557.0,01-NOV-22,Debit Against Palli Bidyut Bill Collection. ,Debit
132,335874,10300.0,01-NOV-22,Cash Deposit to A/C No.: ,Debit
133,5821961,10300.0,01-NOV-22,Cash Deposit,Credit
134,465981,189.0,01-NOV-22,Debit Against Palli Bidyut Bill Collection. ,Debit
135,4860542,45000.0,01-NOV-22,Cash Withdraw,Debit
136,1205131,45000.0,01-NOV-22,Cash Withdrawal From A/C No.: ,Credit
137,291,56375.0,01-NOV-22,"Credit For Remittance Pay, Remit No:TF Of  TF",Credit
138,481654,1500.0,01-NOV-22,Inter Agent Cash Withdraw,Debit
139,2361964,1490.0,01-NOV-22,Cash Withdrawal From A/C No.: ,Credit
140,316820,187.0,01-NOV-22,Debit Against Palli Bidyut Bill Collection. ,Debit
141,3083179,1500.0,01-NOV-22,"Cash withdraw from Micro Merchant point, MM A/C ",Debit
142,4288516,1500.0,01-NOV-22,Credit Against Merchant Cash Withdraw Service From A/C-,Credit
143,907667,10025.0,01-NOV-22,Withdraw Against Inter Branch Cash Deposit A/C No.: ,Debit
144,1638087,1500.0,01-NOV-22,Inter Agent Cash Withdraw,Debit
145,2219280,1490.0,01-NOV-22,Cash Withdrawal From A/C No.: ,Credit
146,3564711,2400.0,01-NOV-22,Cash Withdraw,Debit
147,4131,2400.0,01-NOV-22,Cash Withdrawal From A/C No.: ,Credit
148,2757707,1500.0,01-NOV-22,"Cash withdraw from Micro Merchant point, MM A/C ",Debit
149,4888503,1500.0,01-NOV-22,Credit Against Merchant Cash Withdraw Service From A/C-,Credit
150,5627731,1000.0,01-NOV-22,Debit Against Debit Card Transaction,Debit
151,3097188,1500.0,01-NOV-22,"Cash withdraw from Micro Merchant point, MM A/C ",Debit
152,3506404,1500.0,01-NOV-22,Credit Against Merchant Cash Withdraw Service From A/C-,Credit
153,378110,408.0,01-NOV-22,Debit Against Palli Bidyut Bill Collection. ,Debit
154,4344535,1500.0,01-NOV-22,Inter Agent Cash Withdraw,Debit
155,79705,1490.0,01-NOV-22,Cash Withdrawal From A/C No.: ,Credit
156,4963829,1500.0,01-NOV-22,Inter Agent Cash Withdraw,Debit
157,60758,1490.0,01-NOV-22,Cash Withdrawal From A/C No.: ,Credit
158,4972476,1500.0,01-NOV-22,Inter Agent Cash Withdraw,Debit
159,988871,1490.0,01-NOV-22,Cash Withdrawal From A/C No.: ,Credit
160,332327,29637.88,01-NOV-22,"Credit For Remittance Pay, Remit No: Of  WU",Credit
161,4453726,1500.0,01-NOV-22,Cash Withdraw,Debit
162,1258650,1500.0,01-NOV-22,Cash Withdrawal From A/C No.: ,Credit
163,3000353,399800.0,01-NOV-22,Cash Withdraw,Debit
164,341330,399800.0,01-NOV-22,Cash Withdrawal From A/C No.: ,Credit
165,31177,108.0,01-NOV-22,Debit Against Palli Bidyut Bill Collection. ,Debit
166,5419961,300.0,01-NOV-22,Cash Withdraw,Debit
167,1195463,300.0,01-NOV-22,Cash Withdrawal From A/C No.: ,Credit
168,1151030,30000.0,01-NOV-22,Cash Withdraw,Debit
169,389033,30000.0,01-NOV-22,Cash Withdrawal From A/C No.: ,Credit
170,967510,333.0,01-NOV-22,Debit Against Palli Bidyut Bill Collection. ,Debit
171,3180137,1500.0,01-NOV-22,Cash Withdraw,Debit
172,58240,1500.0,01-NOV-22,Cash Withdrawal From A/C No.: ,Credit
173,2545117,1500.0,01-NOV-22,"Cash withdraw from Micro Merchant point, MM A/C ",Debit
174,4093311,1500.0,01-NOV-22,Credit Against Merchant Cash Withdraw Service From A/C-,Credit
175,2643161,1500.0,01-NOV-22,"Cash withdraw from Micro Merchant point, MM A/C ",Debit
176,5307080,1500.0,01-NOV-22,Credit Against Merchant Cash Withdraw Service From A/C-,Credit
177,4163198,1500.0,01-NOV-22,Credit Against Merchant Cash Withdraw Service From A/C-,Credit
178,2922944,1500.0,01-NOV-22,"Cash withdraw from Micro Merchant point, MM A/C ",Debit
179,5119325,1500.0,01-NOV-22,Credit Against Merchant Cash Withdraw Service From A/C-,Credit
180,918690,224.0,01-NOV-22,Debit Against Palli Bidyut Bill Collection. ,Debit
181,5015421,1500.0,01-NOV-22,"Cash withdraw from Micro Merchant point, MM A/C ",Debit
182,3132330,1500.0,01-NOV-22,Credit Against Merchant Cash Withdraw Service From A/C-,Credit
183,4822790,10000.0,01-NOV-22,Cash Withdraw,Debit
184,75791,4000.0,01-NOV-22,Debit Against Transaction Between Marchant (PayWell) & Agent,Debit
185,965099,10000.0,01-NOV-22,Cash Withdrawal From A/C No.: ,Credit
186,5332989,4000.0,01-NOV-22,Credit Against Transaction Between Marchant (PayWell) & Agent,Credit
187,3113135,1500.0,01-NOV-22,Inter Agent Cash Withdraw,Debit
188,3500609,1490.0,01-NOV-22,Cash Withdrawal From A/C No.: ,Credit
189,1822154,3000.0,01-NOV-22,Cash Withdrawal: Social Safety Net Payment,Debit
190,1626905,3000.0,01-NOV-22,Project (Social Safety Net Payment) Payment to A/C: ,Credit
191,2284011,1090.0,01-NOV-22,Debit Against Palli Bidyut Bill Collection. ,Debit
192,1185440,176.0,01-NOV-22,Debit Against Palli Bidyut Bill Collection. ,Debit
193,2699398,1500.0,01-NOV-22,"Cash withdraw from Micro Merchant point, MM A/C ",Debit
194,4887919,1500.0,01-NOV-22,Credit Against Merchant Cash Withdraw Service From A/C-,Credit
195,2807780,1500.0,01-NOV-22,"Cash withdraw from Micro Merchant point, MM A/C ",Debit
196,4670986,1500.0,01-NOV-22,Credit Against Merchant Cash Withdraw Service From A/C-,Credit
197,3022522,1600.0,01-NOV-22,Inter Agent Cash Withdraw,Debit
198,2494517,1590.0,01-NOV-22,Cash Withdrawal From A/C No.: ,Credit
199,4145935,10000.0,01-NOV-22,Cash Deposit to A/C No.: ,Debit
200,5323555,10000.0,01-NOV-22,Cash Deposit,Credit
201,5040763,1500.0,01-NOV-22,"Cash withdraw from Micro Merchant point, MM A/C ",Debit
202,3414396,1500.0,01-NOV-22,Credit Against Merchant Cash Withdraw Service From A/C-,Credit
203,525652,1500.0,01-NOV-22,Inter Agent Cash Withdraw,Debit
204,4778553,1490.0,01-NOV-22,Cash Withdrawal From A/C No.: ,Credit
205,1763831,2530.0,01-NOV-22,"Cash withdraw from Micro Merchant point, MM A/C ",Debit
206,4181224,2530.0,01-NOV-22,Credit Against Merchant Cash Withdraw Service From A/C-,Credit
207,3161203,1500.0,01-NOV-22,Inter Agent Cash Withdraw,Debit
208,1920709,1490.0,01-NOV-22,Cash Withdrawal From A/C No.: ,Credit
209,3505220,15000.0,01-NOV-22,Cash Withdraw,Debit
210,2459448,15000.0,01-NOV-22,Cash Withdrawal From A/C No.: ,Credit
211,4916039,1500.0,01-NOV-22,Inter Agent Cash Withdraw,Debit
212,902576,1490.0,01-NOV-22,Cash Withdrawal From A/C No.: ,Credit
213,590639,200000.0,01-NOV-22,Cash Deposit to A/C No.: ,Debit
214,5831972,200000.0,01-NOV-22,Cash Deposit,Credit
215,5631340,110000.0,01-NOV-22,Cash Withdraw,Debit
216,314786,110000.0,01-NOV-22,Cash Withdrawal From A/C No.: ,Credit
217,2005714,1500.0,01-NOV-22,Inter Agent Cash Withdraw,Debit
218,2284011,1490.0,01-NOV-22,Cash Withdrawal From A/C No.: ,Credit
219,5596969,3000.0,01-NOV-22,Cash Withdraw,Debit
220,1246328,3000.0,01-NOV-22,Cash Withdrawal From A/C No.: ,Credit
221,151872,1200.0,01-NOV-22,Cash Deposit to A/C No.: ,Debit
222,4584416,1200.0,01-NOV-22,Cash Deposit July--Oct-,Credit
223,3052824,1500.0,01-NOV-22,"Cash withdraw from Micro Merchant point, MM A/C ",Debit
224,4602971,1500.0,01-NOV-22,Credit Against Merchant Cash Withdraw Service From A/C-,Credit
225,3144867,9000.0,01-NOV-22,Transfer to bKash wallet ,Debit
226,3370415,2000.0,01-NOV-22,Debit Against Debit Card Transaction,Debit
227,3370415,15.0,01-NOV-22,Debit Against Debit Card Charge Transaction,Debit
228,244266,22000.0,01-NOV-22,Cash Deposit to A/C No.: ,Debit
229,5234274,22000.0,01-NOV-22,Cash Deposit,Credit
230,2550027,1500.0,01-NOV-22,Inter Agent Cash Withdraw,Debit
231,1344543,1490.0,01-NOV-22,Cash Withdrawal From A/C No.: ,Credit
232,3155438,2510.0,01-NOV-22,Inter Agent Cash Withdraw,Debit
233,3330589,2500.0,01-NOV-22,Cash Withdrawal From A/C No.: ,Credit
234,2773295,1500.0,01-NOV-22,"Cash withdraw from Micro Merchant point, MM A/C ",Debit
235,3600674,1500.0,01-NOV-22,Credit Against Merchant Cash Withdraw Service From A/C-,Credit
236,268645,11500.0,01-NOV-22,Cash Deposit to A/C No.: ,Debit
237,3780467,11500.0,01-NOV-22,Cash Deposit,Credit
238,3443803,803.0,01-NOV-22,Debit Against Palli Bidyut Bill Collection. ,Debit
239,1039860,777.0,01-NOV-22,Debit Against Palli Bidyut Bill Collection. ,Debit
240,3088313,1500.0,01-NOV-22,"Cash withdraw from Micro Merchant point, MM A/C ",Debit
241,34644,15500.0,01-NOV-22,Cash Withdraw,Debit
242,18767,15500.0,01-NOV-22,Cash Withdrawal From A/C No.: ,Credit
243,2689377,1500.0,01-NOV-22,"Cash withdraw from Micro Merchant point, MM A/C ",Debit
244,4864563,1500.0,01-NOV-22,Credit Against Merchant Cash Withdraw Service From A/C-,Credit
245,435540,8050.0,01-NOV-22,Debit against passport fee collection A-Challan No.-,Debit
246,2312610,1500.0,01-NOV-22,Inter Agent Cash Withdraw,Debit
247,341330,1490.0,01-NOV-22,Cash Withdrawal From A/C No.: ,Credit
248,539872,1500.0,01-NOV-22,Inter Agent Cash Withdraw,Debit
249,758965,1490.0,01-NOV-22,Cash Withdrawal From A/C No.: ,Credit
250,4535433,1500.0,01-NOV-22,Cash Withdrawal: Social Safety Net Payment,Debit
251,2390502,1490.0,01-NOV-22,Project (Social Safety Net Payment) Payment to A/C: ,Credit
252,262194,5750.0,01-NOV-22,Debit against passport fee collection A-Challan No.-,Debit
253,3708915,73000.0,01-NOV-22,Cash Withdraw,Debit
254,2192680,73000.0,01-NOV-22,Cash Withdrawal From A/C No.: ,Credit
255,2601432,1500.0,01-NOV-22,Inter Agent Cash Withdraw,Debit
256,3351000,1490.0,01-NOV-22,Cash Withdrawal From A/C No.: ,Credit
257,2869889,1500.0,01-NOV-22,Inter Agent Cash Withdraw,Debit
258,108742,1490.0,01-NOV-22,Cash Withdrawal From A/C No.: ,Credit
259,1043643,1000.0,01-NOV-22,Agent Balance Transfer From Conventional To Islamic Account,Debit
260,599124,300000.0,01-NOV-22,Cash Withdraw,Debit
261,528904,300000.0,01-NOV-22,Cash Withdrawal From A/C No.: ,Credit
262,37667,60000.0,01-NOV-22,Cash Deposit to A/C No.: ,Debit
263,1172834,60000.0,01-NOV-22,Cash Deposit,Credit
264,594043,437.0,01-NOV-22,Debit Against Palli Bidyut Bill Collection. ,Debit
265,3139075,100000.0,01-NOV-22,"CAP (Smart App), NPSB Fund Transfer. Trf to ,IFIC BANK LTD. fr BA",Debit
266,5204996,1500.0,01-NOV-22,Inter Agent Cash Withdraw,Debit
267,3638173,1490.0,01-NOV-22,Cash Withdrawal From A/C No.: ,Credit
268,2313377,1500.0,01-NOV-22,Inter Agent Cash Withdraw,Debit
269,341330,1490.0,01-NOV-22,Cash Withdrawal From A/C No.: ,Credit
270,1636579,1500.0,01-NOV-22,Cash Withdraw,Debit
271,68589,1500.0,01-NOV-22,Cash Withdrawal From A/C No.: ,Credit
272,1276987,325.0,01-NOV-22,Debit Against Palli Bidyut Bill Collection. ,Debit
273,4494330,1526.0,01-NOV-22,Cash Withdraw,Debit
274,386138,1526.0,01-NOV-22,Cash Withdrawal From A/C No.: ,Credit
275,1969293,1500.0,01-NOV-22,"Cash withdraw from Micro Merchant point, MM A/C ",Debit
276,4251075,1500.0,01-NOV-22,Credit Against Merchant Cash Withdraw Service From A/C-,Credit
277,862890,5500.0,01-NOV-22,Cash Withdraw,Debit
278,31181,5500.0,01-NOV-22,Cash Withdrawal From A/C No.: ,Credit
279,3084827,1500.0,01-NOV-22,Cash Withdrawal: Social Safety Net Payment,Debit
280,319148,1500.0,01-NOV-22,Project (Social Safety Net Payment) Payment to A/C: ,Credit
281,5516241,1500.0,01-NOV-22,"Cash withdraw from Micro Merchant point, MM A/C ",Debit
282,3201353,1500.0,01-NOV-22,Credit Against Merchant Cash Withdraw Service From A/C-,Credit
283,2539608,1500.0,01-NOV-22,"Cash withdraw from Micro Merchant point, MM A/C ",Debit
284,4673893,1500.0,01-NOV-22,Credit Against Merchant Cash Withdraw Service From A/C-,Credit
285,967510,584.0,01-NOV-22,Debit Against Palli Bidyut Bill Collection. ,Debit
286,151872,1200.0,01-NOV-22,Cash Deposit to A/C No.: ,Debit
287,4584417,1200.0,01-NOV-22,Cash Deposit July--Oct-,Credit
288,1350230,1500.0,01-NOV-22,Cash Withdraw,Debit
289,337188,1500.0,01-NOV-22,Cash Withdrawal From A/C No.: ,Credit
290,2546965,1500.0,01-NOV-22,Cash Withdraw,Debit
291,109885,1500.0,01-NOV-22,Cash Withdrawal From A/C No.: ,Credit
292,2284011,137.0,01-NOV-22,Debit Against Palli Bidyut Bill Collection. ,Debit
293,116689,400.0,01-NOV-22,Cash Withdrawal From A/C No.: ,Credit
294,781150,200.0,01-NOV-22,Cash Deposit to A/C No.: ,Debit
295,4055717,200.0,01-NOV-22,Cash Deposit,Credit
296,1115927,2000.0,01-NOV-22,Cash Deposit to A/C No.: ,Debit
297,790045,2000.0,01-NOV-22,Cash Deposit,Credit
298,465981,377.0,01-NOV-22,Debit Against Palli Bidyut Bill Collection. ,Debit
299,2410131,1000.0,01-NOV-22,Cash Deposit to A/C No.: ,Debit
300,3421527,1000.0,01-NOV-22,Cash Deposit,Credit
301,409450,700.0,01-NOV-22,Cash Deposit to A/C No.: ,Debit
302,5129067,1820.0,01-NOV-22,Cash Withdraw,Debit
303,4135057,700.0,01-NOV-22,Cash Deposit,Credit
304,2354886,1820.0,01-NOV-22,Cash Withdrawal From A/C No.: ,Credit
305,3443803,187.0,01-NOV-22,Debit Against Palli Bidyut Bill Collection. ,Debit
306,1156545,34132.5,01-NOV-22,"Credit For Remittance Pay, Remit No: Of  Ria/Continental",Credit
307,4533949,1500.0,01-NOV-22,Inter Agent Cash Withdraw,Debit
308,3351000,1490.0,01-NOV-22,Cash Withdrawal From A/C No.: ,Credit
309,5316107,22556.25,01-NOV-22,Inter Agent Cash Withdraw,Debit
310,2356621,22500.0,01-NOV-22,Cash Withdrawal From A/C No.: ,Credit
311,1700736,50000.0,01-NOV-22,Cash Withdraw,Debit
312,1909935,300.0,01-NOV-22,Inter Agent Cash Withdraw,Debit
313,333110,50000.0,01-NOV-22,Cash Withdrawal From A/C No.: ,Credit
314,2996177,290.0,01-NOV-22,Cash Withdrawal From A/C No.: ,Credit
315,1468364,1500.0,01-NOV-22,Cash Withdraw,Debit
316,583077,1500.0,01-NOV-22,Cash Withdrawal From A/C No.: ,Credit
317,2974789,1500.0,01-NOV-22,Cash Withdraw,Debit
318,598829,1500.0,01-NOV-22,Cash Withdrawal From A/C No.: ,Credit
319,253917,3000.0,01-NOV-22,Cash Withdraw,Debit
320,66424,3000.0,01-NOV-22,Cash Withdrawal From A/C No.: ,Credit
321,2630309,1500.0,01-NOV-22,Cash Withdrawal: Social Safety Net Payment,Debit
322,308203,1500.0,01-NOV-22,Project (Social Safety Net Payment) Payment to A/C: ,Credit
323,1276987,3946.0,01-NOV-22,Debit Against Palli Bidyut Bill Collection. ,Debit
324,1344543,50000.0,01-NOV-22,Cash Withdrawal From A/C No.: ,Credit
325,3011892,1500.0,01-NOV-22,Cash Withdraw,Debit
326,109752,1500.0,01-NOV-22,Cash Withdrawal From A/C No.: ,Credit
327,1276987,1926.0,01-NOV-22,Debit Against Palli Bidyut Bill Collection. ,Debit
328,3801529,3500.0,01-NOV-22,Cash Withdraw,Debit
329,1007631,3500.0,01-NOV-22,Cash Withdrawal From A/C No.: ,Credit
330,278046,497.0,01-NOV-22,Debit Against Palli Bidyut Bill Collection. ,Debit
331,5822700,5500.0,01-NOV-22,Cash Withdraw,Debit
332,2219055,5500.0,01-NOV-22,Cash Withdrawal From A/C No.: ,Credit
333,2096744,1500.0,01-NOV-22,Inter Agent Cash Withdraw,Debit
334,3702377,1490.0,01-NOV-22,Cash Withdrawal From A/C No.: ,Credit
335,5279506,20000.0,01-NOV-22,Debit Against Debit Card Transaction,Debit
336,5279506,10.0,01-NOV-22,Debit Against Debit Card Charge Transaction,Debit
337,5020098,1500.0,01-NOV-22,"Cash withdraw from Micro Merchant point, MM A/C ",Debit
338,4740139,1500.0,01-NOV-22,Credit Against Merchant Cash Withdraw Service From A/C-,Credit
339,5078738,1500.0,01-NOV-22,"Cash withdraw from Micro Merchant point, MM A/C ",Debit
340,4063875,1500.0,01-NOV-22,Credit Against Merchant Cash Withdraw Service From A/C-,Credit
341,2541646,1500.0,01-NOV-22,Inter Agent Cash Withdraw,Debit
342,2493901,1490.0,01-NOV-22,Cash Withdrawal From A/C No.: ,Credit
343,5042931,1500.0,01-NOV-22,"Cash withdraw from Micro Merchant point, MM A/C ",Debit
344,3297956,1500.0,01-NOV-22,Credit Against Merchant Cash Withdraw Service From A/C-,Credit
345,2960069,1500.0,01-NOV-22,"Cash withdraw from Micro Merchant point, MM A/C ",Debit
346,4234670,1500.0,01-NOV-22,Credit Against Merchant Cash Withdraw Service From A/C-,Credit
347,31177,148.0,01-NOV-22,Debit Against Palli Bidyut Bill Collection. ,Debit
348,1087224,4800.0,01-NOV-22,Inter Agent Cash Withdraw,Debit
349,578243,4788.03,01-NOV-22,Cash Withdrawal From A/C No.: ,Credit
350,4963181,1500.0,01-NOV-22,"Cash withdraw from Micro Merchant point, MM A/C ",Debit
351,5634013,1500.0,01-NOV-22,Credit Against Merchant Cash Withdraw Service From A/C-,Credit
352,2219039,700.0,01-NOV-22,Cash Deposit to A/C No.: ,Debit
353,3371513,700.0,01-NOV-22,Cash Deposit,Credit
354,507327,400000.0,01-NOV-22,Cash Deposit to A/C No.: ,Debit
355,1867137,400000.0,01-NOV-22,Cash Deposit,Credit
356,5018245,1500.0,01-NOV-22,"Cash withdraw from Micro Merchant point, MM A/C ",Debit
357,4851766,1500.0,01-NOV-22,Credit Against Merchant Cash Withdraw Service From A/C-,Credit
358,3124060,1500.0,01-NOV-22,"Cash withdraw from Micro Merchant point, MM A/C ",Debit
359,4733286,1500.0,01-NOV-22,Credit Against Merchant Cash Withdraw Service From A/C-,Credit
360,4495392,1500.0,01-NOV-22,Cash Withdraw,Debit
361,386138,1500.0,01-NOV-22,Cash Withdrawal From A/C No.: ,Credit
362,2888433,90000.0,01-NOV-22,Cash Deposit to A/C No.: ,Debit
363,4522571,90000.0,01-NOV-22,Cash Deposit,Credit
364,1937315,1500.0,01-NOV-22,"Cash withdraw from Micro Merchant point, MM A/C ",Debit
365,4316277,1500.0,01-NOV-22,Credit Against Merchant Cash Withdraw Service From A/C-,Credit
366,3450504,2550.0,01-NOV-22,"Cash withdraw from Micro Merchant point, MM A/C ",Debit
367,4890311,2550.0,01-NOV-22,Credit Against Merchant Cash Withdraw Service From A/C-,Credit
368,2570538,1500.0,01-NOV-22,Inter Agent Cash Withdraw,Debit
369,2494517,1490.0,01-NOV-22,Cash Withdrawal From A/C No.: ,Credit
370,2187875,1500.0,01-NOV-22,Inter Agent Cash Withdraw,Debit
371,3874761,1490.0,01-NOV-22,Cash Withdrawal From A/C No.: ,Credit
372,2280262,1500.0,01-NOV-22,"Cash withdraw from Micro Merchant point, MM A/C ",Debit
373,435540,819.0,01-NOV-22,Debit Against DESCO Bill Collection. Bill No.: ,Debit
374,181417,20000.0,01-NOV-22,Cash Deposit to A/C No.: ,Debit
375,821366,20000.0,01-NOV-22,Inter Agent Cash Deposit,Credit
376,92056,5000.0,01-NOV-22,Cash Deposit to A/C No.: ,Debit
377,621595,5000.0,01-NOV-22,Cash Deposit,Credit
378,806504,25000.0,01-NOV-22,Cash Withdraw,Debit
379,721952,25000.0,01-NOV-22,Cash Withdrawal From A/C No.: ,Credit
380,4418481,396.0,01-NOV-22,Debit Against WASA Bill Collection. Bill No.: ,Debit
381,1951414,1500.0,01-NOV-22,Inter Agent Cash Withdraw,Debit
382,19505,1490.0,01-NOV-22,Cash Withdrawal From A/C No.: ,Credit
383,1698786,1500.0,01-NOV-22,Inter Agent Cash Withdraw,Debit
384,60758,1490.0,01-NOV-22,Cash Withdrawal From A/C No.: ,Credit
385,2986413,1500.0,01-NOV-22,"Cash withdraw from Micro Merchant point, MM A/C ",Debit
386,4170261,1500.0,01-NOV-22,Credit Against Merchant Cash Withdraw Service From A/C-,Credit
387,781150,200.0,01-NOV-22,Cash Deposit to A/C No.: ,Debit
388,4055719,200.0,01-NOV-22,Cash Deposit,Credit
389,3171582,1500.0,01-NOV-22,"Cash withdraw from Micro Merchant point, MM A/C ",Debit
390,3962151,1500.0,01-NOV-22,Credit Against Merchant Cash Withdraw Service From A/C-,Credit
391,1499115,1500.0,01-NOV-22,Inter Agent Cash Withdraw,Debit
392,5516692,1500.0,01-NOV-22,"Cash withdraw from Micro Merchant point, MM A/C ",Debit
393,60758,1490.0,01-NOV-22,Cash Withdrawal From A/C No.: ,Credit
394,5654746,1500.0,01-NOV-22,Credit Against Merchant Cash Withdraw Service From A/C-,Credit
395,3480525,2550.0,01-NOV-22,Inter Agent Cash Withdraw,Debit
396,1562756,2540.0,01-NOV-22,Cash Withdrawal From A/C No.: ,Credit
397,5023504,1500.0,01-NOV-22,"Cash withdraw from Micro Merchant point, MM A/C ",Debit
398,4164208,1500.0,01-NOV-22,Credit Against Merchant Cash Withdraw Service From A/C-,Credit
399,351306,50000.0,01-NOV-22,Cash Withdrawal From A/C No.: ,Credit
400,2702406,1500.0,01-NOV-22,Cash Withdrawal: Social Safety Net Payment,Debit
401,2209512,1490.0,01-NOV-22,Project (Social Safety Net Payment) Payment to A/C: ,Credit
402,3493120,2324.59,01-NOV-22,"Cash withdraw from Micro Merchant point, MM A/C ",Debit
403,4855686,2305.0,01-NOV-22,Credit Against Merchant Cash Withdraw Service From A/C-,Credit
404,5258746,2550.0,01-NOV-22,"Cash withdraw from Micro Merchant point, MM A/C ",Debit
405,4867810,2550.0,01-NOV-22,Credit Against Merchant Cash Withdraw Service From A/C-,Credit
406,3414906,2400.0,01-NOV-22,"AGENT BANKING CASH WITHDRAWAL, HEMAYETPUR BRANCH, Cheque # -",Debit
407,3109689,1500.0,01-NOV-22,Cash Withdrawal: Social Safety Net Payment,Debit
408,1856734,1500.0,01-NOV-22,Project (Social Safety Net Payment) Payment to A/C: ,Credit
409,248676,500.0,01-NOV-22,Cash Deposit to A/C No.: ,Debit
410,3184907,500.0,01-NOV-22,Cash Deposit,Credit
411,2887652,2550.0,01-NOV-22,Cash Withdraw,Debit
412,567359,2550.0,01-NOV-22,Cash Withdrawal From A/C No.: ,Credit
413,4352081,1500.0,01-NOV-22,"Cash withdraw from Micro Merchant point, MM A/C ",Debit
414,4098605,1500.0,01-NOV-22,Credit Against Merchant Cash Withdraw Service From A/C-,Credit
415,4952486,150000.0,01-NOV-22,Cash Deposit to A/C No.: ,Debit
416,5114341,150000.0,01-NOV-22,Cash Deposit,Credit
417,463715,423.0,01-NOV-22,Debit Against Palli Bidyut Bill Collection. ,Debit
418,91812,207.0,01-NOV-22,Debit Against Palli Bidyut Bill Collection. ,Debit
419,4950728,1500.0,01-NOV-22,Cash Withdraw,Debit
420,109821,1500.0,01-NOV-22,Cash Withdrawal From A/C No.: ,Credit
421,2314021,1500.0,01-NOV-22,Cash Withdraw,Debit
422,341330,1500.0,01-NOV-22,Cash Withdrawal From A/C No.: ,Credit
423,2048339,1500.0,01-NOV-22,Inter Agent Cash Withdraw,Debit
424,5650219,1490.0,01-NOV-22,Cash Withdrawal From A/C No.: ,Credit
425,2937661,1500.0,01-NOV-22,Cash Withdrawal: Social Safety Net Payment,Debit
426,2526109,1490.0,01-NOV-22,Project (Social Safety Net Payment) Payment to A/C: ,Credit
427,3110017,1500.0,01-NOV-22,Cash Withdraw,Debit
428,58240,1500.0,01-NOV-22,Cash Withdrawal From A/C No.: ,Credit
429,5573525,12500.0,01-NOV-22,Debit Against Debit Card Transaction,Debit
430,5573525,10.0,01-NOV-22,Debit Against Debit Card Charge Transaction,Debit
431,470277,1500.0,01-NOV-22,Cash Withdraw,Debit
432,131734,1500.0,01-NOV-22,Cash Withdrawal From A/C No.: ,Credit
433,3698268,100000.0,01-NOV-22,Cash Withdraw,Debit
434,1781193,100000.0,01-NOV-22,Cash Withdrawal From A/C No.: ,Credit
435,2116412,1500.0,01-NOV-22,Cash Withdraw,Debit
436,131432,1500.0,01-NOV-22,Cash Withdrawal From A/C No.: ,Credit
437,505095,1500.0,01-NOV-22,Inter Agent Cash Withdraw,Debit
438,5682054,1490.0,01-NOV-22,Cash Withdrawal From A/C No.: ,Credit
439,560029,1500.0,01-NOV-22,Inter Agent Cash Withdraw,Debit
440,988871,1490.0,01-NOV-22,Cash Withdrawal From A/C No.: ,Credit
441,2808581,1500.0,01-NOV-22,"Cash withdraw from Micro Merchant point, MM A/C ",Debit
442,4618197,1500.0,01-NOV-22,Credit Against Merchant Cash Withdraw Service From A/C-,Credit
443,117544,9000.0,01-NOV-22,Cash Deposit to A/C No.: ,Debit
444,131134,9000.0,01-NOV-22,Cash Deposit,Credit
445,3651004,5009.0,01-NOV-22,Cash Withdraw,Debit
446,463947,5009.0,01-NOV-22,Cash Withdrawal From A/C No.: ,Credit
447,93177,1500.0,01-NOV-22,"Cash withdraw from Micro Merchant point, MM A/C ",Debit
448,3195108,1500.0,01-NOV-22,Credit Against Merchant Cash Withdraw Service From A/C-,Credit
449,3579674,150000.0,01-NOV-22,"AGENT BANKING CASH DEPOSIT, JURAIN SME SERVICE CENTRE",Credit
450,3438950,2392.0,01-NOV-22,Debit Against Palli Bidyut Bill Collection. ,Debit
451,2580795,1500.0,01-NOV-22,Inter Agent Cash Withdraw,Debit
452,2503085,1490.0,01-NOV-22,Cash Withdrawal From A/C No.: ,Credit
453,2656802,1500.0,01-NOV-22,"Cash withdraw from Micro Merchant point, MM A/C ",Debit
454,4156362,1500.0,01-NOV-22,Credit Against Merchant Cash Withdraw Service From A/C-,Credit
455,2563541,2550.0,01-NOV-22,"Cash withdraw from Micro Merchant point, MM A/C ",Debit
456,5416843,2550.0,01-NOV-22,Credit Against Merchant Cash Withdraw Service From A/C-,Credit
457,2366932,1000.0,01-NOV-22,Cash Deposit to A/C No.: ,Debit
458,3519234,1000.0,01-NOV-22,Cash Deposit,Credit
459,31177,148.0,01-NOV-22,Debit Against Palli Bidyut Bill Collection. ,Debit
460,236106,58934.0,01-NOV-22,Cash Deposit to A/C No.: ,Debit
461,1174620,58934.0,01-NOV-22,Cash Deposit,Credit
462,4514601,2000.0,01-NOV-22,Cash Withdraw,Debit
463,389033,2000.0,01-NOV-22,Cash Withdrawal From A/C No.: ,Credit
464,841790,200000.0,01-NOV-22,Cash Withdraw,Debit
465,675951,200000.0,01-NOV-22,Cash Withdrawal From A/C No.: ,Credit
466,4316277,11000.0,01-NOV-22,Debit Against Debit Card Transaction,Debit
467,4316277,15.0,01-NOV-22,Debit Against Debit Card Charge Transaction,Debit
468,2340662,500.0,01-NOV-22,Cash Deposit to A/C No.: ,Debit
469,3332104,500.0,01-NOV-22,Cash Deposit,Credit
470,3101738,2550.0,01-NOV-22,Inter Agent Cash Withdraw,Debit
471,2455725,2540.0,01-NOV-22,Cash Withdrawal From A/C No.: ,Credit
472,5179940,1500.0,01-NOV-22,"Cash withdraw from Micro Merchant point, MM A/C ",Debit
473,4292726,1500.0,01-NOV-22,Credit Against Merchant Cash Withdraw Service From A/C-,Credit
474,1708175,1500.0,01-NOV-22,"Cash withdraw from Micro Merchant point, MM A/C ",Debit
475,3834490,1500.0,01-NOV-22,Credit Against Merchant Cash Withdraw Service From A/C-,Credit
476,1957789,1500.0,01-NOV-22,"Cash withdraw from Micro Merchant point, MM A/C ",Debit
477,4233407,1500.0,01-NOV-22,Credit Against Merchant Cash Withdraw Service From A/C-,Credit
478,4614478,1497.62,01-NOV-22,"Cash withdraw from Micro Merchant point, MM A/C ",Debit
479,5665194,100000.0,01-NOV-22,Fund Transfer To A/C No.: ,Debit
480,2494713,100000.0,01-NOV-22,Fund Transfer From A/C No.: ,Credit
481,4845559,100.0,01-NOV-22,Debit For Mobile () Recharge. FT frm  for ,Debit
482,2817696,1500.0,01-NOV-22,Inter Agent Cash Withdraw,Debit
483,910153,1490.0,01-NOV-22,Cash Withdrawal From A/C No.: ,Credit
484,1925180,54000.0,01-NOV-22,Cash Withdraw,Debit
485,865701,54000.0,01-NOV-22,Cash Withdrawal From A/C No.: ,Credit
486,2707861,1500.0,01-NOV-22,Cash Withdrawal: Social Safety Net Payment,Debit
487,387485,1500.0,01-NOV-22,Project (Social Safety Net Payment) Payment to A/C: ,Credit
488,4418481,396.0,01-NOV-22,Debit Against WASA Bill Collection. Bill No.: ,Debit
489,2619384,1500.0,01-NOV-22,Inter Agent Cash Withdraw,Debit
490,316809,1490.0,01-NOV-22,Cash Withdrawal From A/C No.: ,Credit
491,699099,80397.93,01-NOV-22,"Credit For Remittance Pay, Remit No: Of  WU",Credit
492,58232,14058.0,01-NOV-22,Cash Deposit to A/C No.: ,Debit
493,71586,14058.0,01-NOV-22,Cash Deposit,Credit
494,3443803,407.0,01-NOV-22,Debit Against Palli Bidyut Bill Collection. ,Debit
495,2952105,1500.0,01-NOV-22,"Cash withdraw from Micro Merchant point, MM A/C ",Debit
496,3961786,1500.0,01-NOV-22,Credit Against Merchant Cash Withdraw Service From A/C-,Credit
497,363622,90000.0,01-NOV-22,Agent Balance Transfer From Conventional To Islamic Account,Debit
498,3015526,20000.0,01-NOV-22,Debit Against Debit Card Transaction,Debit
499,3015526,10.0,01-NOV-22,Debit Against Debit Card Charge Transaction,Debit
500,3796176,49.0,01-NOV-22,Debit For Mobile () Recharge. FT frm  for ,Debit
501,1970272,1500.0,01-NOV-22,"Cash withdraw from Micro Merchant point, MM A/C ",Debit
502,2564695,2550.0,01-NOV-22,Inter Agent Cash Withdraw,Debit
503,79705,2540.0,01-NOV-22,Cash Withdrawal From A/C No.: ,Credit
504,851169,1000.0,01-NOV-22,Cash Deposit to A/C No.: ,Debit
505,4733326,1000.0,01-NOV-22,Cash Deposit,Credit
506,3447870,2550.0,01-NOV-22,Inter Agent Cash Withdraw,Debit
507,78041,2540.0,01-NOV-22,Cash Withdrawal From A/C No.: ,Credit
508,2756069,1500.0,01-NOV-22,"Cash withdraw from Micro Merchant point, MM A/C ",Debit
509,4794188,1500.0,01-NOV-22,Credit Against Merchant Cash Withdraw Service From A/C-,Credit
510,4939263,1500.0,01-NOV-22,"Cash withdraw from Micro Merchant point, MM A/C ",Debit
511,5133779,1500.0,01-NOV-22,Credit Against Merchant Cash Withdraw Service From A/C-,Credit
512,1821681,2550.0,01-NOV-22,Cash Withdrawal: Social Safety Net Payment,Debit
513,1689211,2550.0,01-NOV-22,Project (Social Safety Net Payment) Payment to A/C: ,Credit
514,54187,18000.0,01-NOV-22,Cash Deposit to A/C No.: ,Debit
515,2463042,18000.0,01-NOV-22,Cash Deposit,Credit
516,3859606,150000.0,01-NOV-22,RTGS Fund Transfer Request To A/c No.: ,Debit
517,31177,108.0,01-NOV-22,Debit Against Palli Bidyut Bill Collection. ,Debit
518,5259701,460.0,01-NOV-22,"Cash withdraw from Micro Merchant point, MM A/C ",Debit
519,4122823,460.0,01-NOV-22,Credit Against Merchant Cash Withdraw Service From A/C-,Credit
520,2693659,1500.0,01-NOV-22,"Cash withdraw from Micro Merchant point, MM A/C ",Debit
521,4825623,1500.0,01-NOV-22,Credit Against Merchant Cash Withdraw Service From A/C-,Credit
522,2597463,1500.0,01-NOV-22,Inter Agent Cash Withdraw,Debit
523,3351000,1490.0,01-NOV-22,Cash Withdrawal From A/C No.: ,Credit
524,5777308,50000.0,01-NOV-22,Cash Withdraw,Debit
525,3822384,50000.0,01-NOV-22,Cash Withdrawal From A/C No.: ,Credit
526,1166916,1111.0,01-NOV-22,Debit Against Company Fund Collection (MetLife Alico),Debit
527,2407774,300.0,01-NOV-22,Cash Deposit to A/C No.: ,Debit
528,4270773,300.0,01-NOV-22,Cash Deposit,Credit
529,2954194,2550.0,01-NOV-22,"Cash withdraw from Micro Merchant point, MM A/C ",Debit
530,4010930,2550.0,01-NOV-22,Credit Against Merchant Cash Withdraw Service From A/C-,Credit
531,3117159,2550.0,01-NOV-22,"Cash withdraw from Micro Merchant point, MM A/C ",Debit
532,3342143,2550.0,01-NOV-22,Credit Against Merchant Cash Withdraw Service From A/C-,Credit
533,5562382,20000.0,01-NOV-22,Debit Against Debit Card Transaction,Debit
534,5562382,15.0,01-NOV-22,Debit Against Debit Card Charge Transaction,Debit
535,3848761,100000.0,01-NOV-22,Cash Withdraw,Debit
536,3309762,100000.0,01-NOV-22,Cash Withdrawal From A/C No.: ,Credit
537,2219435,774.0,01-NOV-22,Debit Against Palli Bidyut Bill Collection. ,Debit
538,465981,377.0,01-NOV-22,Debit Against Palli Bidyut Bill Collection. ,Debit
539,5166421,2550.0,01-NOV-22,Cash Withdraw,Debit
540,109837,2550.0,01-NOV-22,Cash Withdrawal From A/C No.: ,Credit
541,4950522,1500.0,01-NOV-22,Cash Withdraw,Debit
542,109885,1500.0,01-NOV-22,Cash Withdrawal From A/C No.: ,Credit
543,2376072,9000.0,01-NOV-22,Cash Deposit to A/C No.: ,Debit
544,5413907,9000.0,01-NOV-22,"Maksud-Ex-, Current-",Credit
545,2306435,2550.0,01-NOV-22,"Cash withdraw from Micro Merchant point, MM A/C ",Debit
546,4206765,2550.0,01-NOV-22,Credit Against Merchant Cash Withdraw Service From A/C-,Credit
547,4514637,1900.0,01-NOV-22,Cash Withdraw,Debit
548,1985913,1900.0,01-NOV-22,Cash Withdrawal From A/C No.: ,Credit
549,5822700,57.5,01-NOV-22,Debit For New ATM Card Charge.,Debit
550,127568,24000.0,01-NOV-22,Cash Deposit to A/C No.: ,Debit
551,256053,24000.0,01-NOV-22,Cash Deposit,Credit
552,2219280,1510.0,01-NOV-22,Cash Deposit to A/C No.: ,Debit
553,1663946,1500.0,01-NOV-22,Inter Agent Cash Deposit,Credit
554,5515129,5000.0,01-NOV-22,Cash Withdraw,Debit
555,415363,5000.0,01-NOV-22,Cash Withdrawal From A/C No.: ,Credit
556,275078,36025.0,01-NOV-22,Cash Withdraw,Debit
557,261379,36025.0,01-NOV-22,Cash Withdrawal From A/C No.: ,Credit
558,2109824,2550.0,01-NOV-22,Inter Agent Cash Withdraw,Debit
559,2112860,2540.0,01-NOV-22,Cash Withdrawal From A/C No.: ,Credit
560,3085808,1500.0,01-NOV-22,"Cash withdraw from Micro Merchant point, MM A/C ",Debit
561,4207786,1500.0,01-NOV-22,Credit Against Merchant Cash Withdraw Service From A/C-,Credit
562,740814,11000.0,01-NOV-22,Cash Withdraw,Debit
563,560307,11000.0,01-NOV-22,Cash Withdrawal From A/C No.: ,Credit
564,2173009,1500.0,01-NOV-22,Cash Withdrawal: Social Safety Net Payment,Debit
565,1856734,1500.0,01-NOV-22,Project (Social Safety Net Payment) Payment to A/C: ,Credit
566,3386971,400.0,01-NOV-22,Cash Deposit to A/C No.: ,Debit
567,4195959,400.0,01-NOV-22,Cash Deposit,Credit
568,5562382,20000.0,01-NOV-22,Debit Against Debit Card Transaction,Debit
569,2866128,35000.0,01-NOV-22,Cash Deposit to A/C No.: ,Debit
570,5562382,15.0,01-NOV-22,Debit Against Debit Card Charge Transaction,Debit
571,3363391,35000.0,01-NOV-22,Cash Deposit,Credit
572,12229,9200.0,01-NOV-22,Cash Deposit to A/C No.: ,Debit
573,4585901,9200.0,01-NOV-22,Cash Deposit,Credit
574,5224331,1500.0,01-NOV-22,Cash Withdrawal: Social Safety Net Payment,Debit
575,2526109,1490.0,01-NOV-22,Project (Social Safety Net Payment) Payment to A/C: ,Credit
576,2893052,1500.0,01-NOV-22,"Cash withdraw from Micro Merchant point, MM A/C ",Debit
577,5317109,1500.0,01-NOV-22,Credit Against Merchant Cash Withdraw Service From A/C-,Credit
578,4494616,1500.0,01-NOV-22,Cash Withdraw,Debit
579,386138,1500.0,01-NOV-22,Cash Withdrawal From A/C No.: ,Credit
580,3431728,173.0,01-NOV-22,Debit Against Palli Bidyut Bill Collection. ,Debit
581,2192222,700.0,01-NOV-22,Cash Withdraw,Debit
582,476778,700.0,01-NOV-22,Cash Withdrawal From A/C No.: ,Credit
583,2955275,1500.0,01-NOV-22,Inter Agent Cash Withdraw,Debit
584,3702377,1490.0,01-NOV-22,Cash Withdrawal From A/C No.: ,Credit
585,3003240,1500.0,01-NOV-22,"Cash withdraw from Micro Merchant point, MM A/C ",Debit
586,3349084,1500.0,01-NOV-22,Credit Against Merchant Cash Withdraw Service From A/C-,Credit
587,4258974,14500.0,01-NOV-22,Debit Against Debit Card Transaction,Debit
588,4258974,15.0,01-NOV-22,Debit Against Debit Card Charge Transaction,Debit
589,2252590,1500.0,01-NOV-22,Inter Agent Cash Withdraw,Debit
590,4799643,1490.0,01-NOV-22,Cash Withdrawal From A/C No.: ,Credit
591,4467929,2550.0,01-NOV-22,Inter Agent Cash Withdraw,Debit
592,73223,2540.0,01-NOV-22,Cash Withdrawal From A/C No.: ,Credit
593,2163575,1500.0,01-NOV-22,Inter Agent Cash Withdraw,Debit
594,782715,1490.0,01-NOV-22,Cash Withdrawal From A/C No.: ,Credit
595,2521457,1500.0,01-NOV-22,"Cash withdraw from Micro Merchant point, MM A/C ",Debit
596,4192427,1500.0,01-NOV-22,Credit Against Merchant Cash Withdraw Service From A/C-,Credit
597,2356604,10000.0,01-NOV-22,Cash Deposit to A/C No.: ,Debit
598,4712575,10000.0,01-NOV-22,Cash Deposit,Credit
599,2257388,200.0,01-NOV-22,Cash Deposit to A/C No.: ,Debit
600,4694279,200.0,01-NOV-22,Cash Deposit,Credit
601,572027,2550.0,01-NOV-22,Inter Agent Cash Withdraw,Debit
602,578243,2540.0,01-NOV-22,Cash Withdrawal From A/C No.: ,Credit
603,2168015,407.0,01-NOV-22,Debit Against Palli Bidyut Bill Collection. ,Debit
604,5562382,20000.0,01-NOV-22,Debit Against Debit Card Transaction,Debit
605,5562382,15.0,01-NOV-22,Debit Against Debit Card Charge Transaction,Debit
606,2116376,1500.0,01-NOV-22,Cash Withdraw,Debit
607,131432,1500.0,01-NOV-22,Cash Withdrawal From A/C No.: ,Credit
608,781150,200.0,01-NOV-22,Cash Deposit to A/C No.: ,Debit
609,1798609,60713.0,01-NOV-22,Inter Branch Fund Transfer To A/C No.: ,Debit
610,4055723,200.0,01-NOV-22,Cash Deposit,Credit
611,846984,1500.0,01-NOV-22,Cash Deposit to A/C No.: ,Debit
612,4199924,1500.0,01-NOV-22,"Kaspiya Maher,, Roll-, Hu",Credit
613,3453968,10000.0,01-NOV-22,Cash Deposit to A/C No.: ,Debit
614,3718597,10000.0,01-NOV-22,Salary Oct. ,Credit
615,91812,207.0,01-NOV-22,Debit Against Palli Bidyut Bill Collection. ,Debit
616,3104145,2550.0,01-NOV-22,"Cash withdraw from Micro Merchant point, MM A/C ",Debit
617,3666971,2550.0,01-NOV-22,Credit Against Merchant Cash Withdraw Service From A/C-,Credit
618,127028,3000.0,01-NOV-22,Cash Withdraw,Debit
619,114609,3000.0,01-NOV-22,Cash Withdrawal From A/C No.: ,Credit
620,207145,50000.0,01-NOV-22,Fund Transfer To A/C No.: ,Debit
621,256053,50000.0,01-NOV-22,Fund Transfer From A/C No.: ,Credit
622,5040601,2550.0,01-NOV-22,Cash Withdraw,Debit
623,583077,2550.0,01-NOV-22,Cash Withdrawal From A/C No.: ,Credit
624,2313386,1500.0,01-NOV-22,Inter Agent Cash Withdraw,Debit
625,341330,1490.0,01-NOV-22,Cash Withdrawal From A/C No.: ,Credit
626,1266615,100100.0,01-NOV-22,RTGS Fund Transfer Request To A/c No.: ,Debit
627,3461769,800.0,01-NOV-22,Cash Withdraw,Debit
628,934654,800.0,01-NOV-22,Cash Withdrawal From A/C No.: ,Credit
629,2005757,1500.0,01-NOV-22,Inter Agent Cash Withdraw,Debit
630,2284011,1490.0,01-NOV-22,Cash Withdrawal From A/C No.: ,Credit
631,3043916,1500.0,01-NOV-22,"Cash withdraw from Micro Merchant point, MM A/C ",Debit
632,4574449,1500.0,01-NOV-22,Credit Against Merchant Cash Withdraw Service From A/C-,Credit
633,2381284,100.0,01-NOV-22,Cash Deposit to A/C No.: ,Debit
634,5387532,100.0,01-NOV-22,Cash Deposit,Credit
635,2839151,2550.0,01-NOV-22,Cash Withdraw,Debit
636,386138,2550.0,01-NOV-22,Cash Withdrawal From A/C No.: ,Credit
637,73095,106000.0,01-NOV-22,Cash Withdraw,Debit
638,44724,106000.0,01-NOV-22,Cash Withdrawal From A/C No.: ,Credit
639,5449266,30000.0,01-NOV-22,Cash Withdraw,Debit
640,687812,30000.0,01-NOV-22,Cash Withdrawal From A/C No.: ,Credit
641,108456,18000.0,01-NOV-22,Agent Balance Transfer From Islamic To Conventional,Credit
642,3024223,2550.0,01-NOV-22,"Cash withdraw from Micro Merchant point, MM A/C ",Debit
643,4172235,2550.0,01-NOV-22,Credit Against Merchant Cash Withdraw Service From A/C-,Credit
644,3029277,1500.0,01-NOV-22,"Cash withdraw from Micro Merchant point, MM A/C ",Debit
645,4123526,1500.0,01-NOV-22,Credit Against Merchant Cash Withdraw Service From A/C-,Credit
646,2340662,400000.0,01-NOV-22,Cash Deposit to A/C No.: ,Debit
647,4254393,400000.0,01-NOV-22,Cash Deposit,Credit
648,3051641,1500.0,01-NOV-22,"Cash withdraw from Micro Merchant point, MM A/C ",Debit
649,3667472,1500.0,01-NOV-22,Credit Against Merchant Cash Withdraw Service From A/C-,Credit
650,728487,70000.0,01-NOV-22,Cash Deposit to A/C No.: ,Debit
651,1048685,70000.0,01-NOV-22, Cash Deposit By Salary Bonolata Consortium Ltd,Credit
652,731277,1000.0,01-NOV-22,Cash Deposit to A/C No.: ,Debit
653,3358043,1000.0,01-NOV-22,Cash Deposit,Credit
654,4148966,20000.0,01-NOV-22,Debit Against Debit Card Transaction,Debit
655,4148966,10.0,01-NOV-22,Debit Against Debit Card Charge Transaction,Debit
656,5609833,18000.0,01-NOV-22,Cash Withdraw,Debit
657,3327062,18000.0,01-NOV-22,Cash Withdrawal From A/C No.: ,Credit
658,449535,2550.0,01-NOV-22,Cash Withdraw,Debit
659,1888529,2550.0,01-NOV-22,Cash Withdrawal From A/C No.: ,Credit
660,1643432,1500.0,01-NOV-22,Inter Agent Cash Withdraw,Debit
661,2408226,1490.0,01-NOV-22,Cash Withdrawal From A/C No.: ,Credit
662,5111691,32000.0,01-NOV-22,Cash Withdraw,Debit
663,264375,32000.0,01-NOV-22,Cash Withdrawal From A/C No.: ,Credit
664,4386883,1500.0,01-NOV-22,"Cash withdraw from Micro Merchant point, MM A/C ",Debit
665,4122823,1500.0,01-NOV-22,Credit Against Merchant Cash Withdraw Service From A/C-,Credit
666,1919478,22055.0,01-NOV-22,Cash Deposit to A/C No.: ,Debit
667,921634,22000.0,01-NOV-22,Inter Agent Cash Deposit,Credit
668,4985476,1500.0,01-NOV-22,"Cash withdraw from Micro Merchant point, MM A/C ",Debit
669,5768554,1500.0,01-NOV-22,Credit Against Merchant Cash Withdraw Service From A/C-,Credit
670,1481896,45000.0,01-NOV-22,Cash Withdraw,Debit
671,445729,45000.0,01-NOV-22,Cash Withdrawal From A/C No.: ,Credit
672,278022,12000.0,01-NOV-22,Cash Deposit to A/C No.: ,Debit
673,5346321,12000.0,01-NOV-22,Cash Deposit,Credit
674,1166916,1111.0,01-NOV-22,Debit Against Company Fund Collection (MetLife Alico),Debit
675,2020253,1700.0,01-NOV-22,Cash Deposit to A/C No.: ,Debit
676,4235011,1700.0,01-NOV-22,Cash Deposit,Credit
677,5205463,3660.0,01-NOV-22,Cash Deposit to A/C No.: ,Debit
678,2503440,3660.0,01-NOV-22,Cash Deposit,Credit
679,4932587,1500.0,01-NOV-22,"Cash withdraw from Micro Merchant point, MM A/C ",Debit
680,3384412,1500.0,01-NOV-22,Credit Against Merchant Cash Withdraw Service From A/C-,Credit
681,3500073,1000.0,01-NOV-22,Cash Deposit to A/C No.: ,Debit
682,5802318,1000.0,01-NOV-22,Cash Deposit,Credit
683,4729882,2000.0,01-NOV-22,Cash Withdraw,Debit
684,2242853,2000.0,01-NOV-22,Cash Withdrawal From A/C No.: ,Credit
685,1577369,337.0,01-NOV-22,Debit Against Palli Bidyut Bill Collection. ,Debit
686,4347703,65000.0,01-NOV-22,Fund Transfer,Credit
687,199295,15000.0,01-NOV-22,Cash Withdraw,Debit
688,131003,15000.0,01-NOV-22,Cash Withdrawal From A/C No.: ,Credit
689,1976885,1500.0,01-NOV-22,"Cash withdraw from Micro Merchant point, MM A/C ",Debit
690,4889277,1500.0,01-NOV-22,Credit Against Merchant Cash Withdraw Service From A/C-,Credit
691,1056189,1500.0,01-NOV-22,Inter Agent Cash Withdraw,Debit
692,60758,1490.0,01-NOV-22,Cash Withdrawal From A/C No.: ,Credit
693,1,39000.0,01-NOV-22,Cash Deposit to A/C No.: ,Debit
694,251,39000.0,01-NOV-22,Cash Deposit,Credit
695,5045929,1500.0,01-NOV-22,Inter Agent Cash Withdraw,Debit
696,2284011,179.0,01-NOV-22,Debit Against Palli Bidyut Bill Collection. ,Debit
697,781150,200.0,01-NOV-22,Cash Deposit to A/C No.: ,Debit
698,4055724,200.0,01-NOV-22,Cash Deposit,Credit
699,5561361,2550.0,01-NOV-22,Inter Agent Cash Withdraw,Debit
700,60758,2540.0,01-NOV-22,Cash Withdrawal From A/C No.: ,Credit
701,5355643,1510.0,01-NOV-22,Inter Agent Cash Withdraw,Debit
702,109885,1500.0,01-NOV-22,Cash Withdrawal From A/C No.: ,Credit
703,4951482,3000.0,01-NOV-22,Inter Agent Cash Withdraw,Debit
704,1344543,2990.0,01-NOV-22,Cash Withdrawal From A/C No.: ,Credit
705,2749706,5750.0,01-NOV-22,Debit against passport fee collection A-Challan No.-,Debit
706,2982818,2550.0,01-NOV-22,Cash Withdraw,Debit
707,583077,2550.0,01-NOV-22,Cash Withdrawal From A/C No.: ,Credit
708,510185,1500.0,01-NOV-22,Cash Withdrawal: Social Safety Net Payment,Debit
709,2392775,1490.0,01-NOV-22,Project (Social Safety Net Payment) Payment to A/C: ,Credit
710,4991996,1500.0,01-NOV-22,Inter Agent Cash Withdraw,Debit
711,60758,1490.0,01-NOV-22,Cash Withdrawal From A/C No.: ,Credit
712,3463875,2550.0,01-NOV-22,"Cash withdraw from Micro Merchant point, MM A/C ",Debit
713,4851766,2550.0,01-NOV-22,Credit Against Merchant Cash Withdraw Service From A/C-,Credit
714,2887703,1500.0,01-NOV-22,Inter Agent Cash Withdraw,Debit
715,278025,1490.0,01-NOV-22,Cash Withdrawal From A/C No.: ,Credit
716,3874761,2000.0,01-NOV-22,Cash Deposit to A/C No.: ,Debit
717,5681813,2000.0,01-NOV-22,Cash Deposit,Credit
718,2652523,1500.0,01-NOV-22,"Cash withdraw from Micro Merchant point, MM A/C ",Debit
719,4640744,1500.0,01-NOV-22,Credit Against Merchant Cash Withdraw Service From A/C-,Credit
720,2822701,1500.0,01-NOV-22,"Cash withdraw from Micro Merchant point, MM A/C ",Debit
721,5436757,1500.0,01-NOV-22,Credit Against Merchant Cash Withdraw Service From A/C-,Credit
722,4961023,1500.0,01-NOV-22,"Cash withdraw from Micro Merchant point, MM A/C ",Debit
723,3572032,1500.0,01-NOV-22,Credit Against Merchant Cash Withdraw Service From A/C-,Credit
724,3380295,7000.0,01-NOV-22,Cash Withdraw,Debit
725,2020253,7000.0,01-NOV-22,Cash Withdrawal From A/C No.: ,Credit
726,2872846,1500.0,01-NOV-22,"Cash withdraw from Micro Merchant point, MM A/C ",Debit
727,4846480,1500.0,01-NOV-22,Credit Against Merchant Cash Withdraw Service From A/C-,Credit
728,2265139,1500.0,01-NOV-22,"Cash withdraw from Micro Merchant point, MM A/C ",Debit
729,5628804,1500.0,01-NOV-22,Credit Against Merchant Cash Withdraw Service From A/C-,Credit
730,646461,311.0,01-NOV-22,Debit Against Palli Bidyut Bill Collection. ,Debit
731,1199677,1500.0,01-NOV-22,"Cash withdraw from Micro Merchant point, MM A/C ",Debit
732,4394722,1500.0,01-NOV-22,Credit Against Merchant Cash Withdraw Service From A/C-,Credit
733,278025,50000.0,01-NOV-22,Cash Deposit to A/C No.: ,Debit
734,504631,50000.0,01-NOV-22,Cash Deposit,Credit
735,4944300,1500.0,01-NOV-22,"Cash withdraw from Micro Merchant point, MM A/C ",Debit
736,5506473,1500.0,01-NOV-22,Credit Against Merchant Cash Withdraw Service From A/C-,Credit
737,5779960,5000.0,01-NOV-22,Cash Withdraw,Debit
738,574037,5000.0,01-NOV-22,Cash Withdrawal From A/C No.: ,Credit
739,4887881,15000.0,01-NOV-22,Debit Against Debit Card Transaction,Debit
740,4887881,15.0,01-NOV-22,Debit Against Debit Card Charge Transaction,Debit
741,5041511,1500.0,01-NOV-22,"Cash withdraw from Micro Merchant point, MM A/C ",Debit
742,4823170,1500.0,01-NOV-22,Credit Against Merchant Cash Withdraw Service From A/C-,Credit
743,4468671,2600.0,01-NOV-22,Inter Agent Cash Withdraw,Debit
744,4713245,2590.0,01-NOV-22,Cash Withdrawal From A/C No.: ,Credit
745,2035673,1500.0,01-NOV-22,"Cash withdraw from Micro Merchant point, MM A/C ",Debit
746,3587642,1500.0,01-NOV-22,Credit Against Merchant Cash Withdraw Service From A/C-,Credit
747,2635062,350000.0,01-NOV-22,Cash Withdraw,Debit
748,2285083,350000.0,01-NOV-22,Cash Withdrawal From A/C No.: ,Credit
749,3284314,90.0,01-NOV-22,Debit For Mobile () Recharge. FT frm  for ,Debit
750,2096167,1500.0,01-NOV-22,"Cash withdraw from Micro Merchant point, MM A/C ",Debit
751,2999231,1500.0,01-NOV-22,Credit Against Merchant Cash Withdraw Service From A/C-,Credit
752,5036020,1500.0,01-NOV-22,"Cash withdraw from Micro Merchant point, MM A/C ",Debit
753,4181224,1500.0,01-NOV-22,Credit Against Merchant Cash Withdraw Service From A/C-,Credit
754,5006184,1500.0,01-NOV-22,"Cash withdraw from Micro Merchant point, MM A/C ",Debit
755,4893574,1500.0,01-NOV-22,Credit Against Merchant Cash Withdraw Service From A/C-,Credit
756,564851,1500.0,01-NOV-22,"Cash withdraw from Micro Merchant point, MM A/C ",Debit
757,5223154,1500.0,01-NOV-22,"Cash withdraw from Micro Merchant point, MM A/C ",Debit
758,5283207,1500.0,01-NOV-22,Credit Against Merchant Cash Withdraw Service From A/C-,Credit
759,4585666,1500.0,01-NOV-22,Credit Against Merchant Cash Withdraw Service From A/C-,Credit
760,3431728,67.0,01-NOV-22,Debit Against Palli Bidyut Bill Collection. ,Debit
761,18069,50000.0,01-NOV-22,Fund Transfer To A/C No.: ,Debit
762,291690,50000.0,01-NOV-22,Fund Transfer From A/C No.: ,Credit
763,3359699,5675.0,01-NOV-22,Agent Balance Transfer From Islamic To Conventional,Credit
764,2499840,1500.0,01-NOV-22,"Cash withdraw from Micro Merchant point, MM A/C ",Debit
765,4241939,1500.0,01-NOV-22,Credit Against Merchant Cash Withdraw Service From A/C-,Credit
766,2305734,1500.0,01-NOV-22,"Cash withdraw from Micro Merchant point, MM A/C ",Debit
767,4901921,1500.0,01-NOV-22,Credit Against Merchant Cash Withdraw Service From A/C-,Credit
768,5018248,1500.0,01-NOV-22,"Cash withdraw from Micro Merchant point, MM A/C ",Debit
769,4238816,1500.0,01-NOV-22,Credit Against Merchant Cash Withdraw Service From A/C-,Credit
770,1087149,1500.0,01-NOV-22,"Cash withdraw from Micro Merchant point, MM A/C ",Debit
771,1241639,1500.0,01-NOV-22,Credit Against Merchant Cash Withdraw Service From A/C-,Credit
772,2032895,1500.0,01-NOV-22,"Cash withdraw from Micro Merchant point, MM A/C ",Debit
773,4265517,1500.0,01-NOV-22,Credit Against Merchant Cash Withdraw Service From A/C-,Credit
774,2662146,1500.0,01-NOV-22,"Cash withdraw from Micro Merchant point, MM A/C ",Debit
775,5749849,1500.0,01-NOV-22,Credit Against Merchant Cash Withdraw Service From A/C-,Credit
776,5001178,1500.0,01-NOV-22,"Cash withdraw from Micro Merchant point, MM A/C ",Debit
777,3259336,1500.0,01-NOV-22,Credit Against Merchant Cash Withdraw Service From A/C-,Credit
778,58240,3000.0,01-NOV-22,Cash Deposit to A/C No.: ,Debit
779,69735,3000.0,01-NOV-22,Cash Deposit,Credit
780,4794188,1500.0,01-NOV-22,Credit Against Merchant Cash Withdraw Service From A/C-,Credit
781,264111,653.0,01-NOV-22,Debit Against Palli Bidyut Bill Collection. ,Debit
782,395875,228000.0,01-NOV-22,Cash Withdraw,Debit
783,4009545,228000.0,01-NOV-22,Cash Withdrawal From A/C No.: ,Credit
784,646461,355.0,01-NOV-22,Debit Against Palli Bidyut Bill Collection. ,Debit
785,56424,4000.0,01-NOV-22,Agent Balance Transfer From Conventional To Islamic Account,Debit
786,4458833,1500.0,01-NOV-22,Inter Agent Cash Withdraw,Debit
787,4186359,1490.0,01-NOV-22,Cash Withdrawal From A/C No.: ,Credit
788,2253935,1500.0,01-NOV-22,"Cash withdraw from Micro Merchant point, MM A/C ",Debit
789,4234670,1500.0,01-NOV-22,Credit Against Merchant Cash Withdraw Service From A/C-,Credit
790,2758482,1500.0,01-NOV-22,"Cash withdraw from Micro Merchant point, MM A/C ",Debit
791,4888503,1500.0,01-NOV-22,Credit Against Merchant Cash Withdraw Service From A/C-,Credit
792,1181718,1500.0,01-NOV-22,"Cash withdraw from Micro Merchant point, MM A/C ",Debit
793,4310515,1500.0,01-NOV-22,Credit Against Merchant Cash Withdraw Service From A/C-,Credit
794,1622491,712.0,01-NOV-22,Debit Against Palli Bidyut Bill Collection. ,Debit
795,3366122,50.0,01-NOV-22,Debit For Mobile () Recharge. FT frm  for ,Debit
796,1068985,2520.0,01-NOV-22,"Cash withdraw from Micro Merchant point, MM A/C ",Debit
797,4851766,2520.0,01-NOV-22,Credit Against Merchant Cash Withdraw Service From A/C-,Credit
798,4887881,13000.0,01-NOV-22,Debit Against Debit Card Transaction,Debit
799,4212523,1500.0,01-NOV-22,Credit Against Merchant Cash Withdraw Service From A/C-,Credit
800,426540,56641.0,01-NOV-22,Cash Deposit to A/C No.: ,Debit
801,582699,56641.0,01-NOV-22,Cash Deposit,Credit
802,4977856,1500.0,01-NOV-22,Inter Agent Cash Withdraw,Debit
803,2333863,1490.0,01-NOV-22,Cash Withdrawal From A/C No.: ,Credit
804,348681,200.0,01-NOV-22,Cash Deposit to A/C No.: ,Debit
805,4305433,200.0,01-NOV-22,Cash Deposit,Credit
806,2687260,1500.0,01-NOV-22,"Cash withdraw from Micro Merchant point, MM A/C ",Debit
807,3356727,1500.0,01-NOV-22,Credit Against Merchant Cash Withdraw Service From A/C-,Credit
808,2548395,1500.0,01-NOV-22,"Cash withdraw from Micro Merchant point, MM A/C ",Debit
809,4409476,1500.0,01-NOV-22,Credit Against Merchant Cash Withdraw Service From A/C-,Credit
810,670877,20000.0,01-NOV-22,Agent Balance Transfer From Islamic To Conventional,Credit
811,78041,14000.0,01-NOV-22,Cash Deposit to A/C No.: ,Debit
812,218236,14000.0,01-NOV-22,Cash Deposit,Credit
813,2291796,1500.0,01-NOV-22,"Cash withdraw from Micro Merchant point, MM A/C ",Debit
814,4619576,1500.0,01-NOV-22,Credit Against Merchant Cash Withdraw Service From A/C-,Credit
815,2216704,10000.0,01-NOV-22,Cash Deposit to A/C No.: ,Debit
816,3442655,10000.0,01-NOV-22,Cash Deposit,Credit
817,2408143,25000.0,01-NOV-22,Cash Deposit to A/C No.: ,Debit
818,3571999,25000.0,01-NOV-22,Cash Deposit,Credit
819,2565329,1500.0,01-NOV-22,"Cash withdraw from Micro Merchant point, MM A/C ",Debit
820,3359421,1500.0,01-NOV-22,Credit Against Merchant Cash Withdraw Service From A/C-,Credit
821,2480779,1500.0,01-NOV-22,"Cash withdraw from Micro Merchant point, MM A/C ",Debit
822,2273813,1500.0,01-NOV-22,"Cash withdraw from Micro Merchant point, MM A/C ",Debit
823,4225182,1500.0,01-NOV-22,Credit Against Merchant Cash Withdraw Service From A/C-,Credit
824,4893282,1500.0,01-NOV-22,Credit Against Merchant Cash Withdraw Service From A/C-,Credit
825,5754884,1500.0,01-NOV-22,Credit Against Merchant Cash Withdraw Service From A/C-,Credit
826,4875670,20000.0,01-NOV-22,Debit Against Debit Card Transaction,Debit
827,3149095,1500.0,01-NOV-22,"Cash withdraw from Micro Merchant point, MM A/C ",Debit
828,4209845,1500.0,01-NOV-22,Credit Against Merchant Cash Withdraw Service From A/C-,Credit
829,38418,200000.0,01-NOV-22,Cash Deposit to A/C No.: ,Debit
830,5833339,200000.0,01-NOV-22,Cash Deposit,Credit
831,1041562,1953.0,01-NOV-22,Cash Withdraw,Debit
832,851169,1953.0,01-NOV-22,Cash Withdrawal From A/C No.: ,Credit
833,4535369,1500.0,01-NOV-22,"Cash withdraw from Micro Merchant point, MM A/C ",Debit
834,4129013,1500.0,01-NOV-22,Credit Against Merchant Cash Withdraw Service From A/C-,Credit
835,2996115,100000.0,01-NOV-22,Cash Deposit to A/C No.: ,Debit
836,3248337,100000.0,01-NOV-22,Cash Deposit,Credit
837,4958975,1500.0,01-NOV-22,Inter Agent Cash Withdraw,Debit
838,4210208,1490.0,01-NOV-22,Cash Withdrawal From A/C No.: ,Credit
839,4956288,1500.0,01-NOV-22,"Cash withdraw from Micro Merchant point, MM A/C ",Debit
840,3787031,1500.0,01-NOV-22,Credit Against Merchant Cash Withdraw Service From A/C-,Credit
841,2613764,1500.0,01-NOV-22,"Cash withdraw from Micro Merchant point, MM A/C ",Debit
842,4220331,1500.0,01-NOV-22,Credit Against Merchant Cash Withdraw Service From A/C-,Credit
843,3940460,62750.0,01-NOV-22,Cash Withdraw,Debit
844,268623,62750.0,01-NOV-22,Cash Withdrawal From A/C No.: ,Credit
845,2494042,500.0,01-NOV-22,Cash Deposit to A/C No.: ,Debit
846,5735600,500.0,01-NOV-22,Cash Deposit,Credit
847,3885978,1500.0,01-NOV-22,Inter Agent Cash Withdraw,Debit
848,1344543,1490.0,01-NOV-22,Cash Withdrawal From A/C No.: ,Credit
849,3875464,2549.49,01-NOV-22,"Cash withdraw from Micro Merchant point, MM A/C ",Debit
850,3964889,2528.0,01-NOV-22,Credit Against Merchant Cash Withdraw Service From A/C-,Credit
851,3328661,10000.0,01-NOV-22,Transfer to bKash wallet ,Debit
852,107299,22000.0,01-NOV-22,Agent Balance Transfer From Islamic To Conventional,Credit
853,564827,100000.0,01-NOV-22,Cash Withdraw,Debit
854,355765,100000.0,01-NOV-22,Cash Withdrawal From A/C No.: ,Credit
855,250505,2730.0,01-NOV-22,Cash Deposit to A/C No.: ,Debit
856,3369088,2730.0,01-NOV-22,Cash Deposit,Credit
857,5005930,1500.0,01-NOV-22,"Cash withdraw from Micro Merchant point, MM A/C ",Debit
858,4893574,1500.0,01-NOV-22,Credit Against Merchant Cash Withdraw Service From A/C-,Credit
859,4384100,1500.0,01-NOV-22,"Cash withdraw from Micro Merchant point, MM A/C ",Debit
860,4238048,1500.0,01-NOV-22,Credit Against Merchant Cash Withdraw Service From A/C-,Credit
861,1142182,1500.0,01-NOV-22,"Cash withdraw from Micro Merchant point, MM A/C ",Debit
862,92094,5000.0,01-NOV-22,Cash Deposit to A/C No.: ,Debit
863,3195122,1500.0,01-NOV-22,Credit Against Merchant Cash Withdraw Service From A/C-,Credit
864,637481,5000.0,01-NOV-22,Cash Deposit,Credit
865,1974169,1500.0,01-NOV-22,"Cash withdraw from Micro Merchant point, MM A/C ",Debit
866,3297648,1500.0,01-NOV-22,Credit Against Merchant Cash Withdraw Service From A/C-,Credit
867,3185201,1500.0,01-NOV-22,"Cash withdraw from Micro Merchant point, MM A/C ",Debit
868,4874843,1500.0,01-NOV-22,Credit Against Merchant Cash Withdraw Service From A/C-,Credit
869,557480,1500.0,01-NOV-22,"Cash withdraw from Micro Merchant point, MM A/C ",Debit
870,3334261,1500.0,01-NOV-22,Credit Against Merchant Cash Withdraw Service From A/C-,Credit
871,354064,1000.0,01-NOV-22,Cash Deposit,Credit
872,4953986,1500.0,01-NOV-22,"Cash withdraw from Micro Merchant point, MM A/C ",Debit
873,4897406,1500.0,01-NOV-22,Credit Against Merchant Cash Withdraw Service From A/C-,Credit
874,902648,311.0,01-NOV-22,Debit Against Palli Bidyut Bill Collection. ,Debit
875,278046,128.0,01-NOV-22,Debit Against Palli Bidyut Bill Collection. ,Debit
876,4418481,314.05,01-NOV-22,Agent Balance Transfer From Islamic To Conventional,Credit
877,1055625,1500.0,01-NOV-22,Inter Agent Cash Withdraw,Debit
878,3443914,1490.0,01-NOV-22,Cash Withdrawal From A/C No.: ,Credit
879,2703831,1500.0,01-NOV-22,"Cash withdraw from Micro Merchant point, MM A/C ",Debit
880,4195118,1500.0,01-NOV-22,Credit Against Merchant Cash Withdraw Service From A/C-,Credit
881,4227889,2500.0,01-NOV-22,Cash Withdrawal: Women's Affairs Programs,Debit
882,463316,2500.0,01-NOV-22,Project (Women's Affairs Programs) Payment to A/C: ,Credit
883,1118939,1500.0,01-NOV-22,"Cash withdraw from Micro Merchant point, MM A/C ",Debit
884,4087243,1500.0,01-NOV-22,Credit Against Merchant Cash Withdraw Service From A/C-,Credit
885,4443201,2310.0,01-NOV-22,Inter Agent Cash Withdraw,Debit
886,3665902,2300.0,01-NOV-22,Cash Withdrawal From A/C No.: ,Credit
887,3027187,1500.0,01-NOV-22,"Cash withdraw from Micro Merchant point, MM A/C ",Debit
888,4212197,1500.0,01-NOV-22,Credit Against Merchant Cash Withdraw Service From A/C-,Credit
889,1931813,1500.0,01-NOV-22,"Cash withdraw from Micro Merchant point, MM A/C ",Debit
890,3876883,1500.0,01-NOV-22,Credit Against Merchant Cash Withdraw Service From A/C-,Credit
891,4350720,1500.0,01-NOV-22,"Cash withdraw from Micro Merchant point, MM A/C ",Debit
892,4098605,1500.0,01-NOV-22,Credit Against Merchant Cash Withdraw Service From A/C-,Credit
893,2519750,1500.0,01-NOV-22,"Cash withdraw from Micro Merchant point, MM A/C ",Debit
894,3970137,1500.0,01-NOV-22,Credit Against Merchant Cash Withdraw Service From A/C-,Credit
895,21138,25000.0,01-NOV-22,Cash Withdraw,Debit
896,156,25000.0,01-NOV-22,Cash Withdrawal From A/C No.: ,Credit
897,5778127,5000.0,01-NOV-22,Cash Withdraw,Debit
898,5101122,5000.0,01-NOV-22,Cash Withdrawal From A/C No.: ,Credit
899,348681,500.0,01-NOV-22,Cash Deposit to A/C No.: ,Debit
900,4305407,500.0,01-NOV-22,Cash Deposit,Credit
901,4189145,60000.0,01-NOV-22,Cash Deposit to A/C No.: ,Debit
902,5771472,60000.0,01-NOV-22,Cash Deposit,Credit
903,5019400,1500.0,01-NOV-22,Inter Agent Cash Withdraw,Debit
904,2409546,1490.0,01-NOV-22,Cash Withdrawal From A/C No.: ,Credit
905,2559695,1500.0,01-NOV-22,"Cash withdraw from Micro Merchant point, MM A/C ",Debit
906,4886965,1500.0,01-NOV-22,Credit Against Merchant Cash Withdraw Service From A/C-,Credit
907,4981458,1500.0,01-NOV-22,"Cash withdraw from Micro Merchant point, MM A/C ",Debit
908,4310507,1500.0,01-NOV-22,Credit Against Merchant Cash Withdraw Service From A/C-,Credit
909,3378239,60000.0,01-NOV-22,Cash Deposit to A/C No.: ,Debit
910,4698312,60000.0,01-NOV-22,Cash Deposit,Credit
911,2615093,1500.0,01-NOV-22,"Cash withdraw from Micro Merchant point, MM A/C ",Debit
912,3342356,1500.0,01-NOV-22,Credit Against Merchant Cash Withdraw Service From A/C-,Credit
913,5226544,2600.0,01-NOV-22,Cash Withdraw,Debit
914,2383484,2600.0,01-NOV-22,Cash Withdrawal From A/C No.: ,Credit
915,4987428,1500.0,01-NOV-22,"Cash withdraw from Micro Merchant point, MM A/C ",Debit
916,4025884,1500.0,01-NOV-22,Credit Against Merchant Cash Withdraw Service From A/C-,Credit
917,5656245,200000.0,01-NOV-22,Cash Withdraw,Debit
918,4042961,200000.0,01-NOV-22,Cash Withdrawal From A/C No.: ,Credit
919,2684711,1500.0,01-NOV-22,Cash Withdrawal: Social Safety Net Payment,Debit
920,911014,1500.0,01-NOV-22,Project (Social Safety Net Payment) Payment to A/C: ,Credit
921,3386971,400.0,01-NOV-22,Cash Deposit to A/C No.: ,Debit
922,5155035,1500.0,01-NOV-22,"Cash withdraw from Micro Merchant point, MM A/C ",Debit
923,4833162,1500.0,01-NOV-22,Credit Against Merchant Cash Withdraw Service From A/C-,Credit
924,316820,412.0,01-NOV-22,Debit Against Palli Bidyut Bill Collection. ,Debit
925,2771501,26500.0,01-NOV-22,Cash Deposit to A/C No.: ,Debit
926,3345343,26500.0,01-NOV-22,Cash Deposit,Credit
927,1167308,30700.0,01-NOV-22,Cash Withdraw,Debit
928,316565,30700.0,01-NOV-22,Cash Withdrawal From A/C No.: ,Credit
929,2588591,1500.0,01-NOV-22,"Cash withdraw from Micro Merchant point, MM A/C ",Debit
930,4157136,1500.0,01-NOV-22,Credit Against Merchant Cash Withdraw Service From A/C-,Credit
931,5101122,3000.0,01-NOV-22,Cash Deposit to A/C No.: ,Debit
932,5612678,3000.0,01-NOV-22,Cash Deposit,Credit
933,4772552,146135.0,01-NOV-22,Agent Balance Transfer From Islamic To Conventional,Credit
934,234391,1000.0,01-NOV-22,Cash Deposit to A/C No.: ,Debit
935,395126,1000.0,01-NOV-22,Cash Deposit,Credit
936,3431728,365.0,01-NOV-22,Debit Against Palli Bidyut Bill Collection. ,Debit
937,5751512,407.0,01-NOV-22,Debit Against Palli Bidyut Bill Collection. ,Debit
938,1314546,20000.0,01-NOV-22,Debit Against Debit Card Transaction,Debit
939,1314546,10.0,01-NOV-22,Debit Against Debit Card Charge Transaction,Debit
940,189022,149000.0,01-NOV-22,Cash Withdraw,Debit
941,122957,149000.0,01-NOV-22,Cash Withdrawal From A/C No.: ,Credit
942,609678,10000.0,01-NOV-22,Cash Withdraw,Debit
943,4009545,10000.0,01-NOV-22,Cash Withdrawal From A/C No.: ,Credit
944,3026389,1500.0,01-NOV-22,"Cash withdraw from Micro Merchant point, MM A/C ",Debit
945,4192455,1500.0,01-NOV-22,Credit Against Merchant Cash Withdraw Service From A/C-,Credit
946,4684775,20000.0,01-NOV-22,Debit Against Debit Card Transaction,Debit
947,350485,28790.2,01-NOV-22,"Credit For Remittance Pay, Remit No: Of  WU",Credit
948,2508694,1500.0,01-NOV-22,Cash Withdraw,Debit
949,429993,1500.0,01-NOV-22,Cash Withdrawal From A/C No.: ,Credit
950,2101922,1500.0,01-NOV-22,Cash Withdraw,Debit
951,312842,1500.0,01-NOV-22,Cash Withdrawal From A/C No.: ,Credit
952,5069447,1500.0,01-NOV-22,"Cash withdraw from Micro Merchant point, MM A/C ",Debit
953,3030100,1500.0,01-NOV-22,Credit Against Merchant Cash Withdraw Service From A/C-,Credit
954,5040520,2550.0,01-NOV-22,"Cash withdraw from Micro Merchant point, MM A/C ",Debit
955,3523093,2550.0,01-NOV-22,Credit Against Merchant Cash Withdraw Service From A/C-,Credit
956,2310807,1500.0,01-NOV-22,"Cash withdraw from Micro Merchant point, MM A/C ",Debit
957,1248048,1500.0,01-NOV-22,Credit Against Merchant Cash Withdraw Service From A/C-,Credit
958,2735579,1500.0,01-NOV-22,"Cash withdraw from Micro Merchant point, MM A/C ",Debit
959,4209845,1500.0,01-NOV-22,Credit Against Merchant Cash Withdraw Service From A/C-,Credit
960,5264403,1500.0,01-NOV-22,"Cash withdraw from Micro Merchant point, MM A/C ",Debit
961,3970137,1500.0,01-NOV-22,Credit Against Merchant Cash Withdraw Service From A/C-,Credit
962,248676,1000.0,01-NOV-22,Cash Deposit to A/C No.: ,Debit
963,3452732,1000.0,01-NOV-22,Cash Deposit,Credit
964,4545404,3000.0,01-NOV-22,"Cash withdraw from Micro Merchant point, MM A/C ",Debit
965,5759841,3000.0,01-NOV-22,Credit Against Merchant Cash Withdraw Service From A/C-,Credit
966,1314546,20000.0,01-NOV-22,Debit Against Debit Card Transaction,Debit
967,1314546,10.0,01-NOV-22,Debit Against Debit Card Charge Transaction,Debit
968,2205064,1500.0,01-NOV-22,Inter Agent Cash Withdraw,Debit
969,278030,1490.0,01-NOV-22,Cash Withdrawal From A/C No.: ,Credit
970,523061,1500.0,01-NOV-22,Cash Withdrawal: Social Safety Net Payment,Debit
971,2360745,1490.0,01-NOV-22,Project (Social Safety Net Payment) Payment to A/C: ,Credit
972,1115927,11144.0,01-NOV-22,Agent Balance Transfer From Islamic To Conventional,Credit
973,5751512,167.0,01-NOV-22,Debit Against Palli Bidyut Bill Collection. ,Debit
974,2264347,2560.0,01-NOV-22,Inter Agent Cash Withdraw,Debit
975,4799643,2550.0,01-NOV-22,Cash Withdrawal From A/C No.: ,Credit
976,3681783,5012.5,01-NOV-22,"EFTN Transaction, Agrani Bank Ltd., BHUSHIR BANDAR, A/C: ",Debit
977,4473115,2550.0,01-NOV-22,Cash Withdraw,Debit
978,324175,2550.0,01-NOV-22,Cash Withdrawal From A/C No.: ,Credit
979,236106,6481.68,01-NOV-22,Agent Balance Transfer From Islamic To Conventional,Credit
980,3972590,1499.64,01-NOV-22,"Cash withdraw from Micro Merchant point, MM A/C ",Debit
981,3374541,1487.0,01-NOV-22,Credit Against Merchant Cash Withdraw Service From A/C-,Credit
982,1039860,557.0,01-NOV-22,Debit Against Palli Bidyut Bill Collection. ,Debit
983,3078994,2250.0,01-NOV-22,"Cash withdraw from Micro Merchant point, MM A/C ",Debit
984,4638188,2250.0,01-NOV-22,Credit Against Merchant Cash Withdraw Service From A/C-,Credit
985,350638,437.0,01-NOV-22,Debit Against Palli Bidyut Bill Collection. ,Debit
986,5443804,527.0,01-NOV-22,Debit Against Palli Bidyut Bill Collection. ,Debit
987,266252,658.0,01-NOV-22,Debit Against Palli Bidyut Bill Collection. ,Debit
988,3375176,93000.0,01-NOV-22,Cash Withdraw,Debit
989,590639,93000.0,01-NOV-22,Cash Withdrawal From A/C No.: ,Credit
990,5751512,131.0,01-NOV-22,Debit Against Palli Bidyut Bill Collection. ,Debit
991,3253624,15000.0,01-NOV-22,Debit Against Debit Card Transaction,Debit
992,3253624,15.0,01-NOV-22,Debit Against Debit Card Charge Transaction,Debit
993,191369,237.0,01-NOV-22,Debit Against Palli Bidyut Bill Collection. ,Debit
994,2548475,1500.0,01-NOV-22,"Cash withdraw from Micro Merchant point, MM A/C ",Debit
995,4148966,1500.0,01-NOV-22,Credit Against Merchant Cash Withdraw Service From A/C-,Credit
996,3086643,1500.0,01-NOV-22,"Cash withdraw from Micro Merchant point, MM A/C ",Debit
997,3384175,1500.0,01-NOV-22,Credit Against Merchant Cash Withdraw Service From A/C-,Credit
998,1595041,1500.0,01-NOV-22,"Cash withdraw from Micro Merchant point, MM A/C ",Debit
